-- +migrate Up
INSERT INTO customers (name, phone, address)
VALUES
('Chris Evans', '111-222-3333', '1010 Hollywood Blvd'),
('Scarlett Johansson', '444-555-6666', '2020 Sunset Blvd'),
('Mark Ruffalo', '777-888-9999', '3030 Vine Street'),
('Robert Downey Jr.', '123-456-7890', '4040 Iron Man Road'),
('Chris Hemsworth', '234-567-8901', '5050 Thor Lane'),
('Jeremy Renner', '345-678-9012', '6060 Hawkeye Street'),
('Tom Holland', '456-789-0123', '7070 Spider-Man Avenue'),
('Benedict Cumberbatch', '567-890-1234', '8080 Doctor Strange Blvd'),
('Paul Rudd', '678-901-2345', '9090 Ant-Man Road'),
('Brie Larson', '789-012-3456', '1010 Captain Marvel Street'),
('Chadwick Boseman', '890-123-4567', '1111 Black Panther Blvd'),
('Tom Hiddleston', '901-234-5678', '1212 Loki Lane'),
('Elizabeth Olsen', '012-345-6789', '1313 Scarlet Witch Street'),
('Anthony Mackie', '123-456-7891', '1414 Falcon Road'),
('Sebastian Stan', '234-567-8902', '1515 Winter Soldier Lane'),
('Don Cheadle', '345-678-9013', '1616 War Machine Street'),
('Chris Pratt', '456-789-0124', '1717 Star-Lord Avenue'),
('Zoe Saldana', '567-890-1235', '1818 Gamora Blvd'),
('Dave Bautista', '678-901-2346', '1919 Drax Road'),
('Vin Diesel', '789-012-3457', '2020 Groot Street');

INSERT INTO providers (name, api)
VALUES
('Provider One', 'https://api.providerone.com'),
('Provider Two', 'https://api.providertwo.com'),
('Provider Three', 'https://api.providerthree.com'),
('Provider Four', 'https://api.providerfour.com'),
('Provider Five', 'https://api.providerfive.com'),
('Provider Six', 'https://api.providersix.com'),
('Provider Seven', 'https://api.providerseven.com'),
('Provider Eight', 'https://api.providereight.com'),
('Provider Nine', 'https://api.providernine.com'),
('Provider Ten', 'https://api.providerten.com'),
('Provider Eleven', 'https://api.providereleven.com'),
('Provider Twelve', 'https://api.providertwelve.com'),
('Provider Thirteen', 'https://api.providerthirteen.com'),
('Provider Fourteen', 'https://api.providerfourteen.com'),
('Provider Fifteen', 'https://api.providerfifteen.com'),
('Provider Sixteen', 'https://api.providersixteen.com'),
('Provider Seventeen', 'https://api.providerseventeen.com'),
('Provider Eighteen', 'https://api.providereighteen.com'),
('Provider Nineteen', 'https://api.providernineteen.com'),
('Provider Twenty', 'https://api.providertwenty.com');

INSERT INTO orders (provider_id, customer_id, customer_name, customer_phone, customer_address, recipient_phone, recipient_name, recipient_address, status, picked_up_at, delivered_at)
VALUES
(1, 1, 'Chris Evans', '111-222-3333', '1010 Hollywood Blvd', '555-111-2222', 'Steve Rogers', '4040 Shield Street', 'Inprogress', NOW() - INTERVAL '10 days', NOW() - INTERVAL '5 days'),
(2, 2, 'Scarlett Johansson', '444-555-6666', '2020 Sunset Blvd', '555-333-4444', 'Natasha Romanoff', '5050 Widow Lane', 'PickedUp', NOW() - INTERVAL '12 days', NOW() - INTERVAL '6 days'),
(3, 3, 'Mark Ruffalo', '777-888-9999', '3030 Vine Street', '555-555-6666', 'Bruce Banner', '6060 Hulk Avenue', 'Pending', NOW() - INTERVAL '8 days', NOW() - INTERVAL '4 days'),
(4, 4, 'Robert Downey Jr.', '123-456-7890', '4040 Iron Man Road', '555-777-8888', 'Tony Stark', '7070 Stark Tower', 'PickedUp', NOW() - INTERVAL '15 days', NOW() - INTERVAL '7 days'),
(5, 5, 'Chris Hemsworth', '234-567-8901', '5050 Thor Lane', '555-999-0000', 'Thor Odinson', '8080 Asgard Street', 'ProviderSeen', NOW() - INTERVAL '9 days', NOW() - INTERVAL '3 days'),
(6, 6, 'Jeremy Renner', '345-678-9012', '6060 Hawkeye Street', '555-111-3333', 'Clint Barton', '9090 Arrow Road', 'Inprogress', NOW() - INTERVAL '11 days', NOW() - INTERVAL '5 days'),
(7, 7, 'Tom Holland', '456-789-0123', '7070 Spider-Man Avenue', '555-444-5555', 'Peter Parker', '1010 Web Street', 'Delivered', NOW() - INTERVAL '13 days', NOW() - INTERVAL '6 days'),
(8, 8, 'Benedict Cumberbatch', '567-890-1234', '8080 Doctor Strange Blvd', '555-666-7777', 'Stephen Strange', '1111 Mystic Arts Lane', 'Pending', NOW() - INTERVAL '7 days', NOW() - INTERVAL '2 days'),
(9, 9, 'Paul Rudd', '678-901-2345', '9090 Ant-Man Road', '555-888-9999', 'Scott Lang', '1212 Quantum Street', 'PickedUp', NOW() - INTERVAL '14 days', NOW() - INTERVAL '8 days'),
(10, 10, 'Brie Larson', '789-012-3456', '1010 Captain Marvel Street', '555-000-1111', 'Carol Danvers', '1313 Space Street', 'ProviderSeen', NOW() - INTERVAL '10 days', NOW() - INTERVAL '4 days'),
(11, 11, 'Chadwick Boseman', '890-123-4567', '1111 Black Panther Blvd', '555-222-3333', 'TChalla', '1414 Wakanda Road', 'Inprogress', NOW() - INTERVAL '12 days', NOW() - INTERVAL '5 days'),
(12, 12, 'Tom Hiddleston', '901-234-5678', '1212 Loki Lane', '555-444-6666', 'Loki Laufeyson', '1515 Mischief Street', 'Delivered', NOW() - INTERVAL '9 days', NOW() - INTERVAL '3 days'),
(13, 13, 'Elizabeth Olsen', '012-345-6789', '1313 Scarlet Witch Street', '555-777-9999', 'Wanda Maximoff', '1616 Hex Lane', 'Pending', NOW() - INTERVAL '8 days', NOW() - INTERVAL '4 days'),
(14, 14, 'Anthony Mackie', '123-456-7891', '1414 Falcon Road', '555-111-4444', 'Sam Wilson', '1717 Wings Street', 'PickedUp', NOW() - INTERVAL '11 days', NOW() - INTERVAL '6 days'),
(15, 15, 'Sebastian Stan', '234-567-8902', '1515 Winter Soldier Lane', '555-222-5555', 'Bucky Barnes', '1818 Shield Street', 'ProviderSeen', NOW() - INTERVAL '10 days', NOW() - INTERVAL '5 days'),
(16, 16, 'Don Cheadle', '345-678-9013', '1616 War Machine Street', '555-333-6666', 'James Rhodes', '1919 Armor Road', 'Inprogress', NOW() - INTERVAL '13 days', NOW() - INTERVAL '7 days'),
(17, 17, 'Chris Pratt', '456-789-0124', '1717 Star-Lord Avenue', '555-444-7777', 'Peter Quill', '2020 Galaxy Street', 'Delivered', NOW() - INTERVAL '14 days', NOW() - INTERVAL '8 days'),
(18, 18, 'Zoe Saldana', '567-890-1235', '1818 Gamora Blvd', '555-555-8888', 'Gamora', '2121 Space Lane', 'Pending', NOW() - INTERVAL '7 days', NOW() - INTERVAL '3 days'),
(19, 19, 'Dave Bautista', '678-901-2346', '1919 Drax Road', '555-666-9999', 'Drax', '2222 Destroyer Street', 'PickedUp', NOW() - INTERVAL '12 days', NOW() - INTERVAL '6 days'),
(20, 20, 'Vin Diesel', '789-012-3457', '2020 Groot Street', '555-777-0000', 'Groot', '2323 Tree Lane', 'ProviderSeen', NOW() - INTERVAL '9 days', NOW() - INTERVAL '4 days');